33,Lexus,Lexus-IS-250-2012-Black-Front-1024x6821438677686.jpg,4,0,8/4/2015,8/4/2015,N,Y
34,Lexus 2,33494_423230501940_755756940_4575005_7451166_n-500w1438677731.jpg,4,0,8/4/2015,8/4/2015,N,Y
35,PLYMOUTH BREEZE,670f7e685e_6401438677933.jpg,5,0,8/4/2015,8/4/2015,N,Y
36,Tercel DLX Sedan,img_Fi2xjQqmHb1438678219.jpg,6,0,8/4/2015,8/4/2015,N,Y
37,Tercel DLX Sedan photo 2,img_l4u7JNQfIX1438678241.jpg,6,0,8/4/2015,8/4/2015,N,Y
38,Tercel DLX Sedan photo 3,img_to11ivz9jq1438678262.jpg,6,0,8/4/2015,8/4/2015,N,Y
39,photo 1,img_1vjJHWhLH11438678419.jpg,7,0,8/4/2015,8/4/2015,N,Y
43,asfdsafdsa,img_1vjJHWhLH11438776981.jpg,5,0,8/5/2015,8/5/2015,N,Y
42,photo 1,32209072621438678958.jpg,8,0,8/4/2015,8/4/2015,N,Y
41,photo 3,img_wdxkH0V8tu1438678445.jpg,7,0,8/4/2015,8/4/2015,N,Y
40,photo 2,img_eRtW6PA50r1438678430.jpg,7,0,8/4/2015,8/4/2015,N,Y
44,,55c491c6bc18e.png,36,40,8/7/2015,8/7/2015,N,Y
45,,55c492484930e.png,38,40,8/7/2015,8/7/2015,N,Y
46,,55c492484930e.png,38,40,8/7/2015,8/7/2015,N,Y
